{"_timestamp": 1729479420.5647764, "_runtime": 2804.360374154, "_step": 14, "Reward": 155.14553910710265, "Episode": 1500, "Epsilon": 0.20589113209464907}