{"Epsilon": 0.8345137614500875, "_timestamp": 1729500448.3283694, "_runtime": 352.645512055, "_step": 17, "Reward": -108.2140910881174, "Episode": 1800}