{"Episodes": 900, "Policy rewards": -9.268899999999988, "eps": 0.9910403341758109, "_timestamp": 1729530289.8417115, "_runtime": 2345.54687567, "_step": 8, "Validation rewards": -4.187699999999996}