{"Episode": 1800, "Epsilon": 0.9821521870514505, "_timestamp": 1729501339.6650612, "_runtime": 331.450095371, "_step": 17, "Reward": -173.16868076717077}