{"_step": 12, "Reward": -120.17187107072857, "Episode": 1300, "Epsilon": 0.9369146928798039, "_timestamp": 1729500890.3112595, "_runtime": 175.351723283}