{"Reward":0.7593824319796516,"Episode":600,"Epsilon":0.37714951562499993,"_timestamp":1.7294718340082297e+09,"_runtime":336.714651495,"_wandb":{"runtime":546},"_step":5}