{"Reward": 25.42613823835968, "Episode": 2000, "Epsilon": 0.3584859224085419, "_timestamp": 1729499862.255843, "_runtime": 1224.529174342, "_step": 19}