{"Reward": 172.90229341516778, "Episode": 1200, "Epsilon": 0.14224175713617207, "_timestamp": 1729475623.4307117, "_runtime": 2285.181711748, "_step": 11}