{"Validation rewards": -3.418799999999997, "Episodes": 900, "Policy rewards": -8.757299999999985, "eps": 0.9139270723159584, "_timestamp": 1729524400.7053523, "_runtime": 3011.410377953, "_step": 8}