{"Validation rewards": -11.729699999999989, "Episodes": 400, "Policy rewards": -10.276799999999987, "eps": 0.005, "_timestamp": 1729508648.574867, "_runtime": 731.22174588, "_step": 3}